5.0017,8.469
5.0017,8.469
5.022,7.738
5.0422,6.631
5.0625,5.8
5.0827,5.238
5.103,4.575
5.1233,3.763
5.1435,3.806
5.1638,3.288
5.184,3.1
5.2043,3.431
5.2245,3.188
5.2448,3.044
5.265,3.125
5.2853,2.881
5.3055,3.113
5.3258,2.938
5.346,3.344
5.3663,3.181
5.3865,3.181
5.4068,3.15
5.427,2.956
5.4473,3.369
5.4675,2.875
5.4878,3.044
5.5081,3.231
5.5283,3.056
5.5486,3.263
5.5688,3.181
5.5891,3.363
5.6093,2.788
5.6296,3.319
5.6498,3.113
5.6701,3.256
5.6903,2.963
5.7106,3.294
5.7308,3.306
5.7511,2.794
5.7713,3.238
5.7916,3.331
5.8118,3.025
5.8321,2.856
5.8524,2.906
5.8726,2.869
5.8929,2.969
5.9131,3.119
5.9334,3.406
5.9536,2.938
5.9739,3.181
5.9941,3
6.0144,3.131
6.0346,3.119
6.0549,2.913
6.0751,3.044
6.0954,3.15
6.1156,3.225
6.1359,3.294
6.1561,3.188
6.1764,3.138
6.1966,2.9
6.2169,2.925
6.2372,3.119
6.2574,3.206
6.2777,3.219
6.2979,3.125
6.3182,2.656
6.3384,3.038
6.3587,3.219
6.3789,3.175
6.3992,3.406
6.4194,3.106
6.4397,3.2
6.4599,3.131
6.4802,2.938
6.5004,3.375
6.5207,3.388
6.5409,3.081
6.5612,3.5
6.5815,3.281
6.6017,3.294
6.622,3.063
6.6422,3.144
6.6625,2.813
6.6827,3.238
6.703,3.038
6.7232,2.788
6.7435,3.063
6.7637,3.288
6.784,3.094
6.8042,3.006
6.8245,3.269
6.8447,3.331
6.865,3.194
6.8852,3.25
6.9055,3.144
6.9258,3.344
6.946,3.006
6.9663,3.438
6.9865,3.294
7.0068,3.175
7.027,3.281
7.0473,3.269
7.0675,3.269
7.0878,3.181
7.108,2.913
7.1283,3.231
7.1485,3.319
7.1688,3
7.189,3.425
7.2093,3.363
7.2295,3.525
7.2498,3.169
7.27,3.181
7.2903,3.306
7.3106,3.038
7.3308,3.681
7.3511,3.081
7.3713,3.325
7.3916,3.188
7.4118,2.988
7.4321,3.556
7.4523,3.288
7.4726,2.919
7.4928,2.975
7.5131,3.094
7.5333,3.388
7.5536,3.3
7.5738,3.025
7.5941,3.169
7.6143,3.538
7.6346,3.325
7.6549,3.513
7.6751,3.756
7.6954,3.263
7.7156,3.331
7.7359,3.5
7.7561,3.613
7.7764,3.475
7.7966,3.556
7.8169,3.606
7.8371,3.613
7.8574,3.4
7.8776,3.288
7.8979,3.156
7.9181,3.431
7.9384,3.488
7.9586,3.075
7.9789,3.338
7.9992,3.45
8.0194,3.369
8.0397,3.431
8.0599,3.344
8.0802,3.444
8.1004,3.419
8.1207,3.431
8.1409,3.406
8.1612,3.525
8.1814,3.556
8.2017,3.363
8.2219,3.319
8.2422,3.375
8.2624,3.513
8.2827,3.544
8.3029,3.525
8.3232,3.488
8.3434,3.663
8.3637,3.469
8.384,3.656
8.4042,3.831
8.4245,3.456
8.4447,3.738
8.465,3.575
8.4852,3.525
8.5055,3.7
8.5257,3.2
8.546,3.394
8.5662,3.569
8.5865,3.575
8.6067,3.531
8.627,3.8
8.6472,3.538
8.6675,3.575
8.6877,3.475
8.708,3.388
8.7283,3.644
8.7485,3.363
8.7688,3.65
8.789,3.588
8.8093,3.75
8.8295,3.538
8.8498,3.669
8.87,3.419
8.8903,3.95
8.9105,3.625
8.9308,3.45
8.951,3.725
8.9713,3.744
8.9915,3.75
9.0118,3.6
9.032,3.594
9.0523,3.894
9.0725,3.738
9.0928,3.613
9.1131,3.781
9.1333,3.488
9.1536,4.175
9.1738,3.5
9.1941,3.863
9.2143,3.95
9.2346,3.781
9.2548,4.075
9.2751,4.394
9.2953,4.119
9.3156,4.125
9.3358,4.213
9.3561,4.2
9.3763,4.088
9.3966,3.831
9.4168,4.175
9.4371,3.956
9.4574,3.956
9.4776,3.869
9.4979,3.963
9.5181,3.838
9.5384,3.838
9.5586,3.556
9.5789,3.663
9.5991,3.619
9.6194,3.8
9.6396,3.85
9.6599,3.638
9.6801,3.694
9.7004,3.813
9.7206,3.819
9.7409,3.694
9.7611,3.825
9.7814,3.656
9.8017,3.413
9.8219,3.781
9.8422,4.056
9.8624,3.831
9.8827,4.038
9.9029,3.513
9.9232,4.063
9.9434,3.481
9.9637,3.85
9.9839,3.744
10.0042,4.188
10.0244,3.856
10.0447,3.838
10.0649,3.55
10.0852,3.919
10.1054,3.831
10.1257,3.881
10.1459,3.7
10.1662,3.806
10.1865,3.919
10.2067,3.881
10.227,3.788
10.2472,3.613
10.2675,3.913
10.2877,3.938
10.308,3.85
10.3282,3.663
10.3485,4.1
10.3687,3.506
10.389,3.931
10.4092,3.894
10.4295,3.831
10.4497,4.094
10.47,4.006
10.4902,4.069
10.5105,3.7
10.5308,3.731
10.551,3.981
10.5713,4.031
10.5915,3.619
10.6118,3.931
10.632,3.738
10.6523,4.031
10.6725,3.925
10.6928,4.006
10.713,3.831
10.7333,4.013
10.7535,3.831
10.7738,3.806
10.794,3.788
10.8143,3.838
10.8345,4.006
10.8548,3.781
10.875,3.931
10.8953,3.438
10.9156,4.081
10.9358,4.113
10.9561,4.031
10.9763,3.994
10.9966,4.138
11.0168,3.9
11.0371,3.794
11.0573,4.031
11.0776,4.206
11.0978,4.156
11.1181,4
11.1383,4.125
11.1586,4.044
11.1788,4.219
11.1991,4.275
11.2193,3.981
11.2396,3.906
11.2599,4.169
11.2801,3.806
11.3004,3.813
11.3206,3.731
11.3409,4.119
11.3611,4.206
11.3814,3.813
11.4016,4.056
11.4219,4.019
11.4421,3.844
11.4624,4.156
11.4826,3.806
11.5029,4.581
11.5231,4.156
11.5434,4.025
11.5636,4.313
11.5839,4.106
11.6042,4.25
11.6244,4.288
11.6447,4.119
11.6649,4.506
11.6852,3.881
11.7054,4.194
11.7257,4.313
11.7459,4.063
11.7662,4.156
11.7864,4.281
11.8067,4.425
11.8269,4.081
11.8472,4.481
11.8674,4.488
11.8877,4.45
11.9079,4.856
11.9282,4.688
11.9484,5.081
11.9687,5.075
11.989,5.394
12.0092,5.663
12.0295,5.806
12.0497,5.556
12.07,5.531
12.0902,6.1
12.1105,5.894
12.1307,5.594
12.151,5.538
12.1712,5.419
12.1915,5.106
12.2117,5.4
12.232,4.744
12.2522,5
12.2725,4.8
12.2927,4.125
12.313,4.131
12.3333,4.431
12.3535,4.456
12.3738,4.363
12.394,4.431
12.4143,4.281
12.4345,4.756
12.4548,4.619
12.475,4.438
12.4953,4.594
12.5155,4.444
12.5358,4.5
12.556,4.363
12.5763,4.381
12.5965,4.994
12.6168,4.825
12.637,4.5
12.6573,4.738
12.6776,4.856
12.6978,4.456
12.7181,4.75
12.7383,4.588
12.7586,4.619
12.7788,4.7
12.7991,4.513
12.8193,4.531
12.8396,4.881
12.8598,4.563
12.8801,4.438
12.9003,4.75
12.9206,4.538
12.9408,4.394
12.9611,4.525
12.9813,4.6
13.0016,4.694
13.0218,4.581
13.0421,4.494
13.0624,4.494
13.0826,4.544
13.1029,4.494
13.1231,4.469
13.1434,4.231
13.1636,4.475
13.1839,4.244
13.2041,4.406
13.2244,4.575
13.2446,4.619
13.2649,4.75
13.2851,4.863
13.3054,4.563
13.3256,4.456
13.3459,4.681
13.3661,4.338
13.3864,4.6
13.4067,4.95
13.4269,4.281
13.4472,4.538
13.4674,4.5
13.4877,4.569
13.5079,4.531
13.5282,4.919
13.5484,4.613
13.5687,4.625
13.5889,4.688
13.6092,4.638
13.6294,4.494
13.6497,4.494
13.6699,4.375
13.6902,4.994
13.7104,4.381
13.7307,4.913
13.7509,4.869
13.7712,4.713
13.7915,4.463
13.8117,4.919
13.832,4.938
13.8522,4.644
13.8725,5
13.8927,4.65
13.913,4.713
13.9332,4.888
13.9535,4.819
13.9737,4.669
13.994,4.9
14.0142,4.738
14.0345,4.981
14.0547,4.813
14.075,4.419
14.0952,4.988
14.1155,4.675
14.1358,5.069
14.156,4.794
14.1763,4.819
14.1965,4.95
14.2168,5.006
14.237,4.963
14.2573,4.688
14.2775,4.994
14.2978,4.988
14.318,4.988
14.3383,4.644
14.3585,4.6
14.3788,4.963
14.399,4.813
14.4193,4.956
14.4395,4.925
14.4598,5.275
14.4801,4.919
14.5003,4.725
14.5206,5.144
14.5408,4.8
14.5611,5.013
14.5813,4.881
14.6016,4.944
14.6218,4.781
14.6421,5.369
14.6623,4.969
14.6826,4.794
14.7028,4.863
14.7231,4.744
14.7433,5.269
14.7636,5.081
14.7838,5
14.8041,5.044
14.8243,4.675
14.8446,5.106
14.8649,4.881
14.8851,4.844
14.9054,4.994
14.9256,4.988
14.9459,5.038
14.9661,5.075
14.9864,5.069
15.0066,4.9
15.0269,5.088
15.0471,5.388
15.0674,4.813
15.0876,5.256
15.1079,5.063
15.1281,5.1
15.1484,4.781
15.1686,5.25
15.1889,4.875
15.2092,4.95
15.2294,5.075
15.2497,5.138
15.2699,5.256
15.2902,5.15
15.3104,5.119
15.3307,5.35
15.3509,4.975
15.3712,4.931
15.3914,5.306
15.4117,5.275
15.4319,5.213
15.4522,5.413
15.4724,5.013
15.4927,5.144
15.5129,5.363
15.5332,5.244
15.5535,5.431
15.5737,5.138
15.594,5.188
15.6142,5.325
15.6345,5.206
15.6547,5.369
15.675,5.663
15.6952,5.038
15.7155,5.594
15.7357,5.244
15.756,5.138
15.7762,5.413
15.7965,5.138
15.8167,4.975
15.837,5.056
15.8572,5.4
15.8775,5.125
15.8977,5.238
15.918,5.356
15.9383,5.125
15.9585,5.019
15.9788,5.469
15.999,5.431
16.0193,5.3
16.0395,5.2
16.0598,5.181
16.08,5.494
16.1003,5.225
16.1205,5.188
16.1408,5.413
16.161,5.181
16.1813,4.969
16.2015,5.225
16.2218,5.331
16.242,5.325
16.2623,5.238
16.2826,5.038
16.3028,5.338
16.3231,5.35
16.3433,5.613
16.3636,5.394
16.3838,5.144
16.4041,5.194
16.4243,5.138
16.4446,5.075
16.4648,5.6
16.4851,5.463
16.5053,5.431
16.5256,5.388
16.5458,5.738
16.5661,5.706
16.5863,5.644
16.6066,5.538
16.6268,5.563
16.6471,5.319
16.6674,5.4
16.6876,5.144
16.7079,5.381
16.7281,5.356
16.7484,5.663
16.7686,5.631
16.7889,5.463
16.8091,5.619
16.8294,5.494
16.8496,5.588
16.8699,5.45
16.8901,5.256
16.9104,5.463
16.9306,5.769
16.9509,5.531
16.9711,5.356
16.9914,5.863
17.0117,5.619
17.0319,5.938
17.0522,5.475
17.0724,5.8
17.0927,5.806
17.1129,5.494
17.1332,5.388
17.1534,5.85
17.1737,5.831
17.1939,5.481
17.2142,5.863
17.2344,6
17.2547,5.731
17.2749,5.656
17.2952,5.638
17.3154,5.55
17.3357,5.706
17.356,5.788
17.3762,6.113
17.3965,5.938
17.4167,6.05
17.437,5.881
17.4572,5.831
17.4775,5.794
17.4977,5.825
17.518,5.819
17.5382,6.231
17.5585,6.056
17.5787,5.838
17.599,5.938
17.6192,5.794
17.6395,6.206
17.6597,6.025
17.68,6.069
17.7002,5.881
17.7205,6.069
17.7408,5.975
17.761,6.106
17.7813,6.1
17.8015,5.769
17.8218,6.013
17.842,5.738
17.8623,6.538
17.8825,6.319
17.9028,6.375
17.923,6.294
17.9433,6.019
17.9635,5.931
17.9838,6.088
18.004,6.294
18.0243,6.644
18.0445,6.119
18.0648,6.45
18.0851,6.156
18.1053,6.206
18.1256,6.338
18.1458,6.481
18.1661,6.113
18.1863,6.419
18.2066,6.444
18.2268,5.925
18.2471,6.081
18.2673,6.306
18.2876,6.281
18.3078,6.544
18.3281,6.481
18.3483,6.388
18.3686,6.519
18.3888,6.144
18.4091,6.913
18.4293,6.681
18.4496,6.7
18.4699,6.519
18.4901,6.6
18.5104,6.769
18.5306,6.75
18.5509,6.069
18.5711,6.256
18.5914,6.519
18.6116,6.869
18.6319,6.669
18.6521,6.788
18.6724,6.331
18.6926,6.525
18.7129,6.425
18.7331,6.356
18.7534,6.819
18.7736,6.588
18.7939,6.388
18.8142,6.575
18.8344,6.713
18.8547,6.669
18.8749,6.988
18.8952,6.656
18.9154,6.844
18.9357,6.544
18.9559,6.913
18.9762,6.544
18.9964,6.631
19.0167,6.869
19.0369,6.894
19.0572,6.194
19.0774,6.806
19.0977,6.488
19.1179,6.844
19.1382,6.844
19.1585,7.031
19.1787,6.981
19.199,6.475
19.2192,7.25
19.2395,7.075
19.2597,6.969
19.28,7.088
19.3002,6.919
19.3205,7.244
19.3407,6.956
19.361,6.95
19.3812,6.956
19.4015,7.294
19.4217,6.731
19.442,7.119
19.4622,7.531
19.4825,7.475
19.5027,7.206
19.523,7.319
19.5433,7.206
19.5635,7.263
19.5838,7.45
19.604,7.256
19.6243,7.169
19.6445,7.656
19.6648,7.475
19.685,7.013
19.7053,7.7
19.7255,7.456
19.7458,7.156
19.766,7.656
19.7863,7.169
19.8065,7.175
19.8268,7.113
19.847,7.344
19.8673,7.525
19.8876,7.719
19.9078,7.606
19.9281,7.494
19.9483,7.906
19.9686,7.5
19.9888,7.419
20.0091,7.631
20.0293,7.594
20.0496,7.325
20.0698,7.513
20.0901,7.669
20.1103,7.644
20.1306,7.919
20.1508,8.225
20.1711,7.656
20.1913,8.306
20.2116,7.881
20.2319,7.963
20.2521,7.744
20.2724,7.813
20.2926,7.881
20.3129,7.938
20.3331,7.969
20.3534,7.975
20.3736,8.269
20.3939,7.981
20.4141,8.1
20.4344,8.088
20.4546,8.05
20.4749,8.381
20.4951,8.244
20.5154,8.038
20.5356,8.219
20.5559,8.2
20.5761,8.325
20.5964,8.094
20.6167,8.15
20.6369,8.206
20.6572,8.469
20.6774,7.925
20.6977,8.106
20.7179,8.494
20.7382,8.288
20.7584,8.713
20.7787,8.406
20.7989,9.019
20.8192,8.15
20.8394,8.463
20.8597,8.725
20.8799,8.331
20.9002,8.513
20.9204,8.444
20.9407,8.225
20.961,8.55
20.9812,8.65
21.0015,8.275
21.0217,8.744
21.042,8.819
21.0622,9.275
21.0825,8.313
21.1027,8.281
21.123,8.481
21.1432,9.1
21.1635,8.656
21.1837,8.913
21.204,8.956
21.2242,8.388
21.2445,8.469
21.2647,8.881
21.285,8.95
21.3052,8.925
21.3255,8.538
21.3458,8.744
21.366,9.25
21.3863,8.744
21.4065,9.075
21.4268,9.069
21.447,8.65
21.4673,9.688
21.4875,8.506
21.5078,8.925
21.528,8.825
21.5483,8.881
21.5685,9.031
21.5888,9.519
21.609,9.075
21.6293,9.481
21.6495,9.25
21.6698,9.463
21.6901,8.869
21.7103,9.306
21.7306,9.556
21.7508,9.181
21.7711,9.269
21.7913,9.425
21.8116,9.863
21.8318,9.794
21.8521,9.331
21.8723,9.531
21.8926,9.35
21.9128,9.113
21.9331,9.363
21.9533,9.375
21.9736,9.125
21.9938,9.5
22.0141,9.588
22.0344,9.463
22.0546,9.425
22.0749,9.525
22.0951,9.625
22.1154,9.481
22.1356,9.5
22.1559,9.888
22.1761,9.181
22.1964,9.431
22.2166,9.463
22.2369,9.763
22.2571,9.75
22.2774,9.706
22.2976,9.975
22.3179,9.694
22.3381,9.2
22.3584,9.519
22.3786,9.831
22.3989,9.55
22.4192,9.469
22.4394,9.981
22.4597,10.075
22.4799,9.663
22.5002,9.913
22.5204,10.013
22.5407,9.563
22.5609,9.888
22.5812,9.919
22.6014,10.081
22.6217,9.819
22.6419,9.831
22.6622,10.056
22.6824,10.094
22.7027,9.869
22.7229,9.794
22.7432,9.9
22.7635,10.238
22.7837,9.906
22.804,9.719
22.8242,9.9
22.8445,9.769
22.8647,9.894
22.885,9.638
22.9052,10.3
22.9255,10.05
22.9457,10.038
22.966,9.719
22.9862,10.319
23.0065,9.55
23.0267,10.213
23.047,10.238
23.0672,10.025
23.0875,9.975
23.1077,10.906
23.128,9.488
23.1483,10.069
23.1685,10.35
23.1888,10.05
23.209,10.094
23.2293,9.844
23.2495,10.525
23.2698,10.069
23.29,10.013
23.3103,10.425
23.3305,10.575
23.3508,10.138
23.371,10.613
23.3913,10.538
23.4115,10.588
23.4318,10.288
23.452,10.138
23.4723,10.256
23.4926,10.319
23.5128,10.4
23.5331,10.3
23.5533,9.956
23.5736,9.588
23.5938,10.9
23.6141,10.613
23.6343,10.656
23.6546,10.638
23.6748,10.475
23.6951,10.738
23.7153,10.425
23.7356,10.325
23.7558,10.144
23.7761,10.3
23.7963,10.106
23.8166,10.569
23.8369,10.569
23.8571,10.019
23.8774,10.269
23.8976,10.169
23.9179,10.65
23.9381,10.331
23.9584,10.519
23.9786,10.506
23.9989,10.644
24.0191,10.35
24.0394,10.556
24.0596,10.075
24.0799,10.575
24.1001,10.506
24.1204,10.588
24.1406,10.119
24.1609,10.425
24.1811,10.263
24.2014,10.763
24.2217,10.531
24.2419,10.144
24.2622,10.688
24.2824,10.325
24.3027,10.363
24.3229,10.263
24.3432,10.375
24.3634,10.4
24.3837,10.713
24.4039,10.619
24.4242,10.506
24.4444,10.856
24.4647,10.769
24.4849,10.369
24.5052,10.844
24.5254,10.075
24.5457,10.231
24.566,10.438
24.5862,10.55
24.6065,10.15
24.6267,10.35
24.647,10.038
24.6672,10.4
24.6875,10.431
24.7077,10.288
24.728,10.325
24.7482,10.438
24.7685,10.138
24.7887,10.381
24.809,10.15
24.8292,10.213
24.8495,10.213
24.8697,9.931
24.89,10.531
24.9103,10.544
24.9305,10.356
24.9508,10.338
24.971,10.456
24.9913,10.213
25.0115,10.538
25.0318,10.244
25.052,10.806
25.0723,10.488
25.0925,10.381
25.1128,10.181
25.133,10.125
25.1533,9.994
25.1735,10.138
25.1938,10.263
25.214,10.331
25.2343,10.544
25.2545,9.95
25.2748,10.031
25.2951,10.3
25.3153,10.038
25.3356,10
25.3558,10.094
25.3761,10.031
25.3963,10.481
25.4166,10.594
25.4368,10.419
25.4571,10.35
25.4773,10.294
25.4976,9.938
25.5178,9.981
25.5381,10.463
25.5583,9.95
25.5786,9.838
25.5988,10.594
25.6191,10.263
25.6394,10.369
25.6596,10.475
25.6799,10.288
25.7001,10.038
25.7204,10.213
25.7406,10.256
25.7609,9.888
25.7811,10.081
25.8014,10.219
25.8216,10.375
25.8419,9.981
25.8621,10.369
25.8824,10.275
25.9026,10.144
25.9229,10.419
25.9431,10.144
25.9634,10.625
25.9836,10.331
26.0039,10.731
26.0242,10.244
26.0444,9.994
26.0647,10.294
26.0849,10.581
26.1052,10.038
26.1254,9.975
26.1457,10.181
26.1659,10.25
26.1862,10.288
26.2064,9.819
26.2267,9.5
26.2469,9.894
26.2672,10.031
26.2874,9.975
26.3077,10.475
26.3279,10.169
26.3482,9.925
26.3685,10.7
26.3887,9.888
26.409,10.119
26.4292,10.119
26.4495,10.388
26.4697,9.8
26.49,9.738
26.5102,10.5
26.5305,10.175
26.5507,9.744
26.571,9.794
26.5912,10.006
26.6115,10.119
26.6317,10.194
26.652,9.9
26.6722,9.869
26.6925,10.088
26.7128,10.25
26.733,9.95
26.7533,10.025
26.7735,10.05
26.7938,9.788
26.814,10.481
26.8343,10.506
26.8545,10.375
26.8748,10.325
26.895,10.588
26.9153,10.806
26.9355,10.919
26.9558,10.631
26.976,10.9
26.9963,10.381
27.0165,10.281
27.0368,10.931
27.057,10.081
27.0773,10.544
27.0976,9.881
27.1178,10.213
27.1381,9.75
27.1583,9.581
27.1786,9.663
27.1988,9.9
27.2191,9.575
27.2393,9.913
27.2596,9.838
27.2798,9.806
27.3001,10.1
27.3203,9.9
27.3406,10.038
27.3608,9.794
27.3811,10.056
27.4013,9.719
27.4216,9.956
27.4419,9.438
27.4621,10.356
27.4824,9.981
27.5026,9.613
27.5229,9.731
27.5431,9.138
27.5634,9.975
27.5836,9.65
27.6039,9.631
27.6241,9.506
27.6444,9.75
27.6646,10.15
27.6849,9.206
27.7051,9.619
27.7254,9.063
27.7456,9.656
27.7659,9.981
27.7862,9.369
27.8064,9.65
27.8267,9.269
27.8469,9.3
27.8672,9.294
27.8874,9.306
27.9077,9.369
27.9279,9.356
27.9482,9.444
27.9684,9.156
27.9887,9.556
28.0089,9.425
28.0292,9.706
28.0494,9.6
28.0697,9.344
28.0899,9.056
28.1102,9.494
28.1304,8.994
28.1507,9.869
28.171,9.744
28.1912,9.4
28.2115,9.9
28.2317,8.994
28.252,9.488
28.2722,9.319
28.2925,9.638
28.3127,9.225
28.333,9.038
28.3532,8.981
28.3735,9.338
28.3937,9.444
28.414,8.794
28.4342,9.331
28.4545,9.094
28.4747,8.863
28.495,9.738
28.5153,9.294
28.5355,9.106
28.5558,9.131
28.576,9.338
28.5963,9.419
28.6165,9.569
28.6368,9.4
28.657,9.213
28.6773,9.15
28.6975,9.969
28.7178,9.369
28.738,9.181
28.7583,9.1
28.7785,9.394
28.7988,9.281
28.819,9.106
28.8393,9.225
28.8595,9.475
28.8798,9.194
28.9001,9.344
28.9203,9.038
28.9406,9.131
28.9608,9.025
28.9811,9.463
29.0013,9.006
29.0216,9.606
29.0418,9.288
29.0621,9.188
29.0823,8.919
29.1026,9.331
29.1228,9.006
29.1431,9.369
29.1633,9.138
29.1836,9.144
29.2038,9.238
29.2241,9.269
29.2444,8.95
29.2646,9.388
29.2849,9.319
29.3051,9
29.3254,9.181
29.3456,9.019
29.3659,9.375
29.3861,9.275
29.4064,9.1
29.4266,9.381
29.4469,9.381
29.4671,9.556
29.4874,9.106
29.5076,9.406
29.5279,9.356
29.5481,9.769
29.5684,9.425
29.5887,9.175
29.6089,9.981
29.6292,10.275
29.6494,11.388
29.6697,12.588
29.6899,15.038
29.7102,17.5
29.7304,20.875
29.7507,27.056
29.7709,30.881
29.7912,26.356
29.8114,21.381
29.8317,20.263
29.8519,18.931
29.8722,15.131
29.8924,12.3
29.9127,10.65
29.9329,10.044
29.9532,9.581
29.9735,9.55
29.9937,9.256
30.014,9.413
30.0342,9.313
30.0545,9.344
30.0747,9.831
30.095,9.15
30.1152,9.019
30.1355,8.9
30.1557,9.313
30.176,9.038
30.1962,8.831
30.2165,8.969
30.2367,8.956
30.257,8.831
30.2772,8.875
30.2975,8.794
30.3178,8.95
30.338,8.6
30.3583,8.931
30.3785,8.756
30.3988,8.763
30.419,8.913
30.4393,8.488
30.4595,9.044
30.4798,8.725
30.5,8.825
30.5203,8.594
30.5405,8.794
30.5608,8.869
30.581,8.438
30.6013,8.838
30.6215,8.8
30.6418,8.769
30.662,8.531
30.6823,8.831
30.7026,8.425
30.7228,8.331
30.7431,8.75
30.7633,8.363
30.7836,8.325
30.8038,8.194
30.8241,8.413
30.8443,8.344
30.8646,8.638
30.8848,8.469
30.9051,8.288
30.9253,8.738
30.9456,8.619
30.9658,8.381
30.9861,8.381
31.0063,8.563
31.0266,8.213
31.0469,8.913
31.0671,8.456
31.0874,8.675
31.1076,8.5
31.1279,8.619
31.1481,8.444
31.1684,8.413
31.1886,8.006
31.2089,8.263
31.2291,8.131
31.2494,8.206
31.2696,8.344
31.2899,8.55
31.3101,8.275
31.3304,8.731
31.3506,8.244
31.3709,8.35
31.3912,7.894
31.4114,8.281
31.4317,8.175
31.4519,8.256
31.4722,8.263
31.4924,8.406
31.5127,8.219
31.5329,8.3
31.5532,8.475
31.5734,7.919
31.5937,8.069
31.6139,8.413
31.6342,8.169
31.6544,8.231
31.6747,8.213
31.6949,8.138
31.7152,8.331
31.7354,8.344
31.7557,7.981
31.776,8.338
31.7962,7.863
31.8165,8.15
31.8367,8.706
31.857,8.463
31.8772,8.094
31.8975,8.375
31.9177,8.019
31.938,8.35
31.9582,8.344
31.9785,8.181
31.9987,8.156
32.019,8.294
32.0392,8.188
32.0595,8.569
32.0797,8.638
32.1,9.306
32.1203,10.531
32.1405,11.338
32.1608,11.9
32.181,12.356
32.2013,11.988
32.2215,12.588
32.2418,12.55
32.262,12.463
32.2823,11.519
32.3025,10.925
32.3228,10.225
32.343,9.994
32.3633,9.3
32.3835,8.85
32.4038,7.975
32.424,8.125
32.4443,8.044
32.4646,8
32.4848,8.138
32.5051,8.106
32.5253,7.7
32.5456,8.013
32.5658,7.488
32.5861,7.713
32.6063,7.819
32.6266,8.094
32.6468,7.844
32.6671,7.919
32.6873,7.538
32.7076,7.45
32.7278,7.219
32.7481,7.894
32.7683,7.969
32.7886,7.269
32.8088,7.719
32.8291,7.713
32.8494,7.619
32.8696,7.8
32.8899,7.613
32.9101,7.706
32.9304,7.263
32.9506,7.55
32.9709,7.469
32.9911,7.331
33.0114,7.65
33.0316,7.594
33.0519,7.431
33.0721,7
33.0924,7.394
33.1126,7.556
33.1329,7.213
33.1531,7.425
33.1734,7.7
33.1937,7.525
33.2139,7.263
33.2342,7.244
33.2544,7.106
33.2747,7.056
33.2949,7.356
33.3152,7.7
33.3354,7.325
33.3557,7.163
33.3759,7.15
33.3962,6.85
33.4164,7.219
33.4367,6.975
33.4569,7.238
33.4772,7.194
33.4974,7.106
33.5177,7.263
33.5379,7.025
33.5582,7.163
33.5785,7.2
33.5987,6.825
33.619,6.863
33.6392,7.444
33.6595,6.881
33.6797,7.213
33.7,6.763
33.7202,6.763
33.7405,7.269
33.7607,7.238
33.781,6.831
33.8012,7.006
33.8215,7.156
33.8417,6.688
33.862,7.213
33.8822,6.775
33.9025,7.113
33.9228,6.825
33.943,7.206
33.9633,6.588
33.9835,6.863
34.0038,6.769
34.024,6.875
34.0443,6.938
34.0645,6.95
34.0848,6.969
34.105,6.788
34.1253,6.881
34.1455,6.713
34.1658,6.806
34.186,7.031
34.2063,6.894
34.2265,6.838
34.2468,6.119
34.2671,6.706
34.2873,6.594
34.3076,6.813
34.3278,6.756
34.3481,7.063
34.3683,6.794
34.3886,6.538
34.4088,6.55
34.4291,6.475
34.4493,6.738
34.4696,6.875
34.4898,6.925
34.5101,6.475
34.5303,6.375
34.5506,6.55
34.5708,6.656
34.5911,6.913
34.6113,6.575
34.6316,6.338
34.6519,6.406
34.6721,6.088
34.6924,6.094
34.7126,6.069
34.7329,6.388
34.7531,6.581
34.7734,6.306
34.7936,6.406
34.8139,6.525
34.8341,6.363
34.8544,6.513
34.8746,6.619
34.8949,6.156
34.9151,6.019
34.9354,6.431
34.9556,6.581
34.9759,6.263
34.9962,6.131
35.0164,6.338
35.0367,6.338
35.0569,5.675
35.0772,6.2
35.0974,6.188
35.1177,6.544
35.1379,6.369
35.1582,6.219
35.1784,6.556
35.1987,6.05
35.2189,6.144
35.2392,5.906
35.2594,6.331
35.2797,5.938
35.2999,5.944
35.3202,5.869
35.3404,6.144
35.3607,6.094
35.381,5.6
35.4012,5.688
35.4215,6.038
35.4417,5.813
35.462,5.981
35.4822,5.688
35.5025,6.106
35.5227,6.006
35.543,5.913
35.5632,6.044
35.5835,5.944
35.6037,6.131
35.624,6.025
35.6442,6.075
35.6645,5.913
35.6847,6.069
35.705,5.95
35.7253,6.181
35.7455,6.013
35.7658,5.688
35.786,5.881
35.8063,5.725
35.8265,5.713
35.8468,5.544
35.867,5.844
35.8873,5.95
35.9075,5.481
35.9278,5.75
35.948,5.788
35.9683,5.756
35.9885,5.575
36.0088,5.781
36.029,5.55
36.0493,5.656
36.0696,5.481
36.0898,5.419
36.1101,5.813
36.1303,5.6
36.1506,6.019
36.1708,5.894
36.1911,5.725
36.2113,5.919
36.2316,5.656
36.2518,5.663
36.2721,5.756
36.2923,5.538
36.3126,5.681
36.3328,5.769
36.3531,5.681
36.3733,5.9
36.3936,5.444
36.4138,5.825
36.4341,5.225
36.4544,5.588
36.4746,5.2
36.4949,5.681
36.5151,5.644
36.5354,5.381
36.5556,5.4
36.5759,5.25
36.5961,5.5
36.6164,5.475
36.6366,5.063
36.6569,5.463
36.6771,5.331
36.6974,5.281
36.7176,5.413
36.7379,5.25
36.7581,5.5
36.7784,5.169
36.7987,5.363
36.8189,5.144
36.8392,5.869
36.8594,5.088
36.8797,5.331
36.8999,5.156
36.9202,5.075
36.9404,5.219
36.9607,5.419
36.9809,5.531
37.0012,5.175
37.0214,5.125
37.0417,4.888
37.0619,5.113
37.0822,5.438
37.1024,5
37.1227,5.175
37.143,5.488
37.1632,5.113
37.1835,4.825
37.2037,5.075
37.224,5.563
37.2442,5.288
37.2645,5.019
37.2847,5.219
37.305,5.025
37.3252,5.156
37.3455,5.263
37.3657,5.181
37.386,5.15
37.4062,5.275
37.4265,4.944
37.4467,5.2
37.467,5.213
37.4872,5.15
37.5075,4.994
37.5278,5.275
37.548,4.781
37.5683,5.294
37.5885,5.05
37.6088,4.938
37.629,4.85
37.6493,4.65
37.6695,4.819
37.6898,4.35
37.71,4.975
37.7303,4.931
37.7505,4.963
37.7708,5.169
37.791,4.781
37.8113,4.888
37.8315,4.9
37.8518,5.038
37.8721,4.906
37.8923,4.719
37.9126,5.013
37.9328,5
37.9531,4.819
37.9733,4.775
37.9936,4.663
38.0138,4.781
38.0341,4.881
38.0543,4.7
38.0746,4.525
38.0948,4.444
38.1151,4.875
38.1353,4.731
38.1556,4.875
38.1758,5.019
38.1961,4.819
38.2163,4.731
38.2366,4.625
38.2569,4.6
38.2771,4.788
38.2974,4.738
38.3176,4.563
38.3379,4.994
38.3581,4.65
38.3784,4.975
38.3986,4.763
38.4189,4.769
38.4391,4.844
38.4594,4.756
38.4796,4.769
38.4999,4.756
38.5201,4.631
38.5404,4.531
38.5606,5.025
38.5809,4.475
38.6012,4.513
38.6214,4.575
38.6417,4.406
38.6619,4.894
38.6822,4.794
38.7024,4.856
38.7227,4.431
38.7429,4.581
38.7632,4.444
38.7834,4.763
38.8037,5
38.8239,4.569
38.8442,4.531
38.8644,4.531
38.8847,4.588
38.9049,4.675
38.9252,4.606
38.9455,4.719
38.9657,4.644
38.986,4.506
39.0062,4.444
39.0265,4.513
39.0467,4.894
39.067,4.381
39.0872,4.681
39.1075,4.506
39.1277,4.425
39.148,4.475
39.1682,4.569
39.1885,4.3
39.2087,4.55
39.229,4.594
39.2492,4.594
39.2695,4.431
39.2897,4.8
39.31,4.656
39.3303,4.731
39.3505,4.75
39.3708,4.469
39.391,4.431
39.4113,4.6
39.4315,4.531
39.4518,4.363
39.472,4.506
39.4923,4.7
39.5125,4.8
39.5328,4.544
39.553,4.306
39.5733,4.388
39.5935,4.494
39.6138,4.475
39.634,4.656
39.6543,4.494
39.6746,4.613
39.6948,4.306
39.7151,4.438
39.7353,4.25
39.7556,4.45
39.7758,4.181
39.7961,4.425
39.8163,4.65
39.8366,4.425
39.8568,4.344
39.8771,4.488
39.8973,4.475
39.9176,4.613
39.9378,4.4
39.9581,4.481
39.9783,4.575
39.9986,4.338
40.0189,4.613
40.0391,4.025
40.0594,4.381
40.0796,4.463
40.0999,4.475
40.1201,4.381
40.1404,4.5
40.1606,4.238
40.1809,4.481
40.2011,4.556
40.2214,4.306
40.2416,4.3
40.2619,4.481
40.2821,4.394
40.3024,4.413
40.3226,4.406
40.3429,4.388
40.3631,4.194
40.3834,4.288
40.4037,4.563
40.4239,4.344
40.4442,4.388
40.4644,4.513
40.4847,4.506
40.5049,4.369
40.5252,4.488
40.5454,4.369
40.5657,4.519
40.5859,4.231
40.6062,4.513
40.6264,4.475
40.6467,4.213
40.6669,4.319
40.6872,4.219
40.7074,4.488
40.7277,4.294
40.748,4.456
40.7682,4.475
40.7885,4.319
40.8087,4.269
40.829,4.15
40.8492,4.6
40.8695,4.775
40.8897,4.356
40.91,4.413
40.9302,4.644
40.9505,4.219
40.9707,4.238
40.991,4.313
41.0112,4.594
41.0315,4.181
41.0517,4.206
41.072,4.4
41.0922,4.213
41.1125,4.119
41.1328,4.169
41.153,4.813
41.1733,4.525
41.1935,4.156
41.2138,4.444
41.234,4.456
41.2543,4.419
41.2745,4.413
41.2948,4.513
41.315,4.456
41.3353,4.313
41.3555,4.263
41.3758,4.131
41.396,4.131
41.4163,4.356
41.4365,4.138
41.4568,4.281
41.4771,4.463
41.4973,4.319
41.5176,4.494
41.5378,4.356
41.5581,4.388
41.5783,4.575
41.5986,4.475
41.6188,4.356
41.6391,4.25
41.6593,4.381
41.6796,3.994
41.6998,4.4
41.7201,4.194
41.7403,4.525
41.7606,4.581
41.7808,4.431
41.8011,4.25
41.8214,4.444
41.8416,4.169
41.8619,4.381
41.8821,4.663
41.9024,4.706
41.9226,4.125
41.9429,4.631
41.9631,4.588
41.9834,4.219
42.0036,4.419
42.0239,4.15
42.0441,4.694
42.0644,4.194
42.0846,4.256
42.1049,4.5
42.1251,4.569
42.1454,4.275
42.1656,4.544
42.1859,4.319
42.2062,4.456
42.2264,4.444
42.2467,4.163
42.2669,4.431
42.2872,4.125
42.3074,4.213
42.3277,4.275
42.3479,4.15
42.3682,4.7
42.3884,4.163
42.4087,4.463
42.4289,4.413
42.4492,4.119
42.4694,4.475
42.4897,4.206
42.5099,3.994
42.5302,4.356
42.5505,4.25
42.5707,4.269
42.591,4.031
42.6112,3.981
42.6315,4.35
42.6517,4.113
42.672,4.188
42.6922,4.488
42.7125,4.219
42.7327,4.281
42.753,4.594
42.7732,4.338
42.7935,4.275
42.8137,4.806
42.834,4.488
42.8542,4.45
42.8745,4.35
42.8947,4.031
42.915,4.294
42.9353,3.95
42.9555,4.225
42.9758,4.444
42.996,4.2
43.0163,4.538
43.0365,4.444
43.0568,4.188
43.077,4.45
43.0973,4.806
43.1175,4.4
43.1378,4.444
43.158,4.138
43.1783,3.994
43.1985,4.419
43.2188,4.244
43.239,4.125
43.2593,4.388
43.2796,4.244
43.2998,4.169
43.3201,4.75
43.3403,4.156
43.3606,4.194
43.3808,4.156
43.4011,4.056
43.4213,4.381
43.4416,4.144
43.4618,4.175
43.4821,4.663
43.5023,4.344
43.5226,4.15
43.5428,4.35
43.5631,4.35
43.5833,4.338
43.6036,4.063
43.6239,4.413
43.6441,4.244
43.6644,4.313
43.6846,4.219
43.7049,4.4
43.7251,4.288
43.7454,4.525
43.7656,4.281
43.7859,4.238
43.8061,4.381
43.8264,4.306
43.8466,4.075
43.8669,4.256
43.8871,4.363
43.9074,3.988
43.9276,4.131
43.9479,3.981
43.9681,4.156
43.9884,4.55
44.0087,4.325
44.0289,4.494
44.0492,4.331
44.0694,4.144
44.0897,3.925
44.1099,4.294
44.1302,4.075
44.1504,4.513
44.1707,4.094
44.1909,4.369
44.2112,4.388
44.2314,4.238
44.2517,4.306
44.2719,4.238
44.2922,4.1
44.3124,4.106
44.3327,4.581
44.353,4.463
44.3732,4.306
44.3935,4.156
44.4137,4.306
44.434,4.344
44.4542,4.331
44.4745,4.138
44.4947,4.144
44.515,4.4
44.5352,4.431
44.5555,4.363
44.5757,4.163
44.596,4.081
44.6162,4.25
44.6365,4.094
44.6567,4.2
44.677,4.031
44.6973,4.075
44.7175,3.975
44.7378,4.463
44.758,4.344
44.7783,4.113
44.7985,4.119
44.8188,4.413
44.839,4.069
44.8593,4.225
44.8795,4.25
44.8998,4.269
44.92,4.075
44.9403,4.306
44.9605,4.356
44.9808,4.194
45.001,4.25
45.0213,4.269
45.0415,4.169
45.0618,4.106
45.0821,4.238
45.1023,4.144
45.1226,4.125
45.1428,3.788
45.1631,4.094
45.1833,4.094
45.2036,4.038
45.2238,3.988
45.2441,4.256
45.2643,4.181
45.2846,4.438
45.3048,4.394
45.3251,4.056
45.3453,4.1
45.3656,4.263
45.3858,3.969
45.4061,4.175
45.4264,4.094
45.4466,4.038
45.4669,4.1
45.4871,3.894
45.5074,4.013
45.5276,3.931
45.5479,4.319
45.5681,3.963
45.5884,4.063
45.6086,4.206
45.6289,4.206
45.6491,4.138
45.6694,4.144
45.6896,3.981
45.7099,4.131
45.7301,4.131
45.7504,3.981
45.7706,4.119
45.7909,4.338
45.8112,4.019
45.8314,4.044
45.8517,4.013
45.8719,4.275
45.8922,3.969
45.9124,4.131
45.9327,3.831
45.9529,4.438
45.9732,3.863
45.9934,4.15
46.0137,3.944
46.0339,4.131
46.0542,4.175
46.0744,4.306
46.0947,3.956
46.1149,4.025
46.1352,3.875
46.1555,3.875
46.1757,3.85
46.196,4.156
46.2162,4.313
46.2365,4.069
46.2567,4.288
46.277,4.138
46.2972,3.856
46.3175,3.863
46.3377,4.138
46.358,3.919
46.3782,3.681
46.3985,4
46.4187,3.925
46.439,4.113
46.4592,3.881
46.4795,4.1
46.4998,4.219
46.52,4.163
46.5403,3.906
46.5605,4.081
46.5808,3.894
46.601,4.238
46.6213,3.806
46.6415,3.925
46.6618,4.106
46.682,3.969
46.7023,3.825
46.7225,4.094
46.7428,4.175
46.763,4.138
46.7833,3.913
46.8035,4.138
46.8238,3.863
46.844,4.144
46.8643,4.006
46.8846,3.994
46.9048,4.206
46.9251,3.931
46.9453,4.144
46.9656,4.181
46.9858,3.988
47.0061,3.938
47.0263,4.025
47.0466,4.275
47.0668,3.963
47.0871,4.194
47.1073,3.906
47.1276,4.038
47.1478,3.963
47.1681,3.725
47.1883,3.756
47.2086,3.931
47.2289,3.756
47.2491,3.938
47.2694,3.775
47.2896,4.113
47.3099,3.9
47.3301,3.744
47.3504,3.769
47.3706,3.956
47.3909,4.181
47.4111,4.069
47.4314,3.763
47.4516,3.906
47.4719,3.988
47.4921,3.844
47.5124,3.869
47.5326,3.731
47.5529,3.831
47.5731,3.875
47.5934,4.025
47.6137,3.944
47.6339,3.825
47.6542,3.888
47.6744,4.05
47.6947,3.956
47.7149,3.963
47.7352,3.963
47.7554,3.819
47.7757,3.988
47.7959,3.981
47.8162,3.819
47.8364,3.981
47.8567,3.694
47.8769,3.994
47.8972,4.038
47.9174,3.988
47.9377,3.806
47.958,3.713
47.9782,3.881
47.9985,4.025
48.0187,4.219
48.039,4.031
48.0592,3.788
48.0795,4.05
48.0997,3.8
48.12,3.888
48.1402,4.156
48.1605,3.881
48.1807,3.9
48.201,3.875
48.2212,3.95
48.2415,3.613
48.2617,3.894
48.282,3.856
48.3023,3.825
48.3225,3.919
48.3428,3.919
48.363,4.219
48.3833,3.938
48.4035,3.875
48.4238,3.856
48.444,4.2
48.4643,3.625
48.4845,3.825
48.5048,3.994
48.525,3.538
48.5453,4.006
48.5655,4.025
48.5858,3.888
48.606,3.981
48.6263,3.875
48.6465,3.75
48.6668,3.819
48.6871,4.019
48.7073,3.581
48.7276,3.775
48.7478,3.675
48.7681,3.788
48.7883,3.756
48.8086,3.644
48.8288,4.244
48.8491,3.663
48.8693,3.95
48.8896,3.713
48.9098,3.9
48.9301,3.975
48.9503,3.969
48.9706,3.706
48.9908,4.025
49.0111,3.694
49.0314,3.863
49.0516,3.95
49.0719,3.9
49.0921,3.731
49.1124,3.744
49.1326,3.738
49.1529,3.656
49.1731,3.738
49.1934,3.956
49.2136,3.994
49.2339,3.769
49.2541,3.825
49.2744,3.869
49.2946,4.081
49.3149,3.675
49.3351,3.7
49.3554,3.931
49.3757,3.694
49.3959,3.694
49.4162,3.975
49.4364,3.888
49.4567,3.756
49.4769,3.488
49.4972,3.738
49.5174,3.9
49.5377,3.981
49.5579,3.731
49.5782,3.525
49.5984,3.819
49.6187,3.719
49.6389,3.644
49.6592,3.819
49.6794,3.838
49.6997,3.613
49.7199,3.75
49.7402,3.731
49.7605,3.8
49.7807,3.488
49.801,3.706
49.8212,3.925
49.8415,3.719
49.8617,4.125
49.882,3.706
49.9022,3.506
49.9225,3.394
49.9427,3.6
49.963,3.694
49.9832,3.6
50.0035,3.594
50.0237,3.469
50.044,3.9
50.0642,3.469
50.0845,3.781
50.1048,3.675
50.125,3.775
50.1453,3.506
50.1655,3.788
50.1858,3.438
50.206,3.694
50.2263,3.694
50.2465,4.019
50.2668,3.631
50.287,3.95
50.3073,4.113
50.3275,3.738
50.3478,3.506
50.368,3.625
50.3883,3.5
50.4085,3.863
50.4288,3.656
50.449,4
50.4693,3.725
50.4896,3.713
50.5098,3.719
50.5301,3.831
50.5503,3.581
50.5706,3.456
50.5908,3.531
50.6111,3.619
50.6313,3.85
50.6516,3.794
50.6718,3.575
50.6921,3.581
50.7123,3.931
50.7326,3.731
50.7528,3.725
50.7731,3.681
50.7933,3.919
50.8136,3.638
50.8339,3.525
50.8541,3.788
50.8744,3.413
50.8946,4.019
50.9149,3.331
50.9351,3.763
50.9554,3.494
50.9756,3.863
50.9959,3.831
51.0161,3.625
51.0364,3.588
51.0566,3.625
51.0769,3.65
51.0971,3.544
51.1174,3.531
51.1376,3.594
51.1579,3.556
51.1782,3.694
51.1984,3.575
51.2187,3.669
51.2389,3.825
51.2592,3.719
51.2794,3.594
51.2997,3.675
51.3199,3.625
51.3402,3.425
51.3604,3.738
51.3807,3.944
51.4009,3.494
51.4212,3.625
51.4414,3.156
51.4617,3.781
51.4819,3.519
51.5022,3.638
51.5224,3.606
51.5427,3.631
51.563,3.731
51.5832,3.556
51.6035,3.519
51.6237,3.625
51.644,3.675
51.6642,3.481
51.6845,3.538
51.7047,3.463
51.725,3.669
51.7452,3.994
51.7655,3.519
51.7857,3.669
51.806,3.763
51.8262,3.369
51.8465,3.688
51.8667,3.356
51.887,4.006
51.9073,3.588
51.9275,3.706
51.9478,3.294
51.968,3.394
51.9883,3.6
52.0085,3.613
52.0288,3.85
52.049,3.638
52.0693,3.744
52.0895,3.619
52.1098,3.325
52.13,3.588
52.1503,3.45
52.1705,3.513
52.1908,3.569
52.211,3.575
52.2313,3.644
52.2516,3.581
52.2718,3.55
52.2921,3.688
52.3123,3.525
52.3326,3.625
52.3528,4.031
52.3731,3.438
52.3933,3.425
52.4136,3.763
52.4338,3.625
52.4541,3.725
52.4743,3.381
52.4946,3.569
52.5148,3.513
52.5351,3.769
52.5553,3.631
52.5756,3.306
52.5958,3.35
52.6161,3.519
52.6364,3.663
52.6566,3.769
52.6769,3.65
52.6971,3.425
52.7174,3.669
52.7376,3.919
52.7579,3.475
52.7781,3.513
52.7984,3.538
52.8186,3.631
52.8389,3.694
52.8591,3.663
52.8794,3.619
52.8996,3.594
52.9199,3.744
52.9401,3.531
52.9604,3.513
52.9807,3.625
53.0009,3.556
53.0212,3.644
53.0414,3.75
53.0617,3.506
53.0819,3.475
53.1022,3.494
53.1224,3.55
53.1427,3.588
53.1629,3.425
53.1832,3.669
53.2034,3.625
53.2237,3.575
53.2439,3.619
53.2642,3.656
53.2844,3.594
53.3047,3.681
53.3249,3.781
53.3452,3.756
53.3655,3.713
53.3857,3.75
53.406,3.531
53.4262,3.794
53.4465,3.7
53.4667,3.425
53.487,3.713
53.5072,3.869
53.5275,3.544
53.5477,3.775
53.568,3.744
53.5882,3.413
53.6085,3.306
53.6287,3.438
53.649,3.581
53.6692,3.538
53.6895,3.381
53.7098,3.45
53.73,3.506
53.7503,3.663
53.7705,3.719
53.7908,3.663
53.811,3.638
53.8313,3.731
53.8515,3.825
53.8718,3.9
53.892,3.438
53.9123,3.45
53.9325,3.769
53.9528,3.638
53.973,3.538
53.9933,3.675
54.0135,3.575
54.0338,3.644
54.0541,3.494
54.0743,3.531
54.0946,3.425
54.1148,3.45
54.1351,3.669
54.1553,3.6
54.1756,3.438
54.1958,3.331
54.2161,3.431
54.2363,3.581
54.2566,3.544
54.2768,3.544
54.2971,3.581
54.3173,3.588
54.3376,3.413
54.3578,3.531
54.3781,3.419
54.3983,3.613
54.4186,3.663
54.4389,3.569
54.4591,3.563
54.4794,3.788
54.4996,3.869
54.5199,3.556
54.5401,3.719
54.5604,3.556
54.5806,3.481
54.6009,3.719
54.6211,3.688
54.6414,3.669
54.6616,3.544
54.6819,3.663
54.7021,3.519
54.7224,3.881
54.7426,3.663
54.7629,3.481
54.7832,3.456
54.8034,3.713
54.8237,3.556
54.8439,3.613
54.8642,3.456
54.8844,3.419
54.9047,3.313
54.9249,3.575
54.9452,3.431
54.9654,3.544
54.9857,3.431
55.0059,3.588
55.0262,3.706
55.0464,3.375
55.0667,3.738
55.0869,3.619
55.1072,3.369
55.1274,3.488
55.1477,3.631
55.168,3.813
55.1882,3.588
55.2085,3.644
55.2287,3.725
55.249,3.656
55.2692,3.506
55.2895,3.469
55.3097,3.675
55.33,3.544
55.3502,3.613
55.3705,3.225
55.3907,3.531
55.411,3.7
55.4312,3.725
55.4515,3.688
55.4717,3.506
55.492,3.369
55.5123,3.6
55.5325,3.475
55.5528,3.413
55.573,3.694
55.5933,3.544
55.6135,3.675
55.6338,3.763
55.654,3.6
55.6743,3.55
55.6945,3.894
55.7148,3.331
55.735,3.506
55.7553,3.644
55.7755,3.488
55.7958,3.488
55.816,3.775
55.8363,3.631
55.8566,3.488
55.8768,3.588
55.8971,3.569
55.9173,3.538
55.9376,3.725
55.9578,3.506
55.9781,3.4
55.9983,3.55
56.0186,3.713
56.0388,3.531
56.0591,3.713
56.0793,3.706
56.0996,3.644
56.1198,3.781
56.1401,3.956
56.1603,3.613
56.1806,3.619
56.2008,3.594
56.2211,3.719
56.2414,3.531
56.2616,3.444
56.2819,3.463
56.3021,3.631
56.3224,3.619
56.3426,3.763
56.3629,3.8
56.3831,3.738
56.4034,3.7
56.4236,3.419
56.4439,3.581
56.4641,3.663
56.4844,3.694
56.5046,3.444
56.5249,3.55
56.5451,3.563
56.5654,3.431
56.5857,3.694
56.6059,3.488
56.6262,3.513
56.6464,3.869
56.6667,3.419
56.6869,3.744
56.7072,3.331
56.7274,3.45
56.7477,3.8
56.7679,3.431
56.7882,3.781
56.8084,3.769
56.8287,3.444
56.8489,3.613
56.8692,3.694
56.8894,3.619
56.9097,3.5
56.93,3.581
56.9502,3.506
56.9705,3.625
56.9907,3.594
57.011,3.931
57.0312,3.619
57.0515,3.644
57.0717,3.619
57.092,3.638
57.1122,3.506
57.1325,3.3
57.1527,3.544
57.173,3.669
57.1932,3.663
57.2135,3.263
57.2337,3.413
57.254,3.438
57.2742,3.488
57.2945,3.8
57.3148,3.494
57.335,3.275
57.3553,3.319
57.3755,3.625
57.3958,3.519
57.416,3.531
57.4363,3.675
57.4565,3.538
57.4768,3.613
57.497,3.644
57.5173,3.6
57.5375,3.494
57.5578,3.519
57.578,3.763
57.5983,3.413
57.6185,3.494
57.6388,3.656
57.6591,3.8
57.6793,3.488
57.6996,3.675
57.7198,3.494
57.7401,3.788
57.7603,3.85
57.7806,3.463
57.8008,3.381
57.8211,3.45
57.8413,3.681
57.8616,3.594
57.8818,3.513
57.9021,3.45
57.9223,3.538
57.9426,3.813
57.9628,3.4
57.9831,3.388
58.0033,3.594
58.0236,3.513
58.0439,3.556
58.0641,3.631
58.0844,3.625
58.1046,3.456
58.1249,3.513
58.1451,3.281
58.1654,3.731
58.1856,3.531
58.2059,3.944
58.2261,3.65
58.2464,3.631
58.2666,3.625
58.2869,3.706
58.3071,3.344
58.3274,3.506
58.3476,3.444
58.3679,3.494
58.3882,3.65
58.4084,3.538
58.4287,3.594
58.4489,3.588
58.4692,3.444
58.4894,3.525
58.5097,3.519
58.5299,3.475
58.5502,3.575
58.5704,4.031
58.5907,3.744
58.6109,3.663
58.6312,3.606
58.6514,3.55
58.6717,3.694
58.6919,3.656
58.7122,3.313
58.7325,3.331
58.7527,3.625
58.773,3.638
58.7932,3.681
58.8135,3.613
58.8337,3.431
58.854,3.563
58.8742,3.6
58.8945,3.719
58.9147,3.825
58.935,3.7
58.9552,3.35
58.9755,3.4
58.9957,3.463
59.016,3.6
59.0362,3.406
59.0565,3.606
59.0767,3.4
59.097,3.844
59.1173,3.631
59.1375,3.631
59.1578,3.625
59.178,3.663
59.1983,3.881
59.2185,3.613
59.2388,3.463
59.259,3.4
59.2793,3.413
59.2995,3.244
59.3198,3.731
59.34,3.481
59.3603,3.544
59.3805,3.619
59.4008,3.606
59.421,3.469
59.4413,3.606
59.4616,3.575
59.4818,3.681
59.5021,3.775
59.5223,3.644
59.5426,3.575
59.5628,3.531
59.5831,3.675
59.6033,3.906
59.6236,3.775
59.6438,3.594
59.6641,3.763
59.6843,3.694
59.7046,3.513
59.7248,3.656
59.7451,3.706
59.7653,3.644
59.7856,3.844
59.8058,3.425
59.8261,3.625
59.8464,3.731
59.8666,3.55
59.8869,3.325
59.9071,3.363
59.9274,3.55
59.9476,3.613
59.9679,3.369
59.9881,3.506
60.0084,3.713
60.0286,3.594
60.0489,3.463
60.0691,3.606
60.0894,3.544
60.1096,3.813
60.1299,3.781
60.1501,3.731
60.1704,3.713
60.1907,3.881
60.2109,3.438
60.2312,3.744
60.2514,3.488
60.2717,3.8
60.2919,3.738
60.3122,3.694
60.3324,3.731
60.3527,3.525
60.3729,3.6
60.3932,3.806
60.4134,3.606
60.4337,3.656
60.4539,3.575
60.4742,3.669
60.4944,3.356
60.5147,3.431
60.535,3.588
60.5552,3.538
60.5755,3.75
60.5957,3.506
60.616,3.419
60.6362,3.406
60.6565,3.694
60.6767,3.488
60.697,3.863
60.7172,3.631
60.7375,3.663
60.7577,3.506
60.778,3.681
60.7982,3.731
60.8185,3.513
60.8387,3.525
60.859,3.531
60.8792,3.625
60.8995,3.756
60.9198,3.569
60.94,3.613
60.9603,3.663
60.9805,3.55
61.0008,3.631
61.021,3.413
61.0413,3.631
61.0615,3.55
61.0818,3.675
61.102,3.588
61.1223,3.488
61.1425,3.556
61.1628,3.331
61.183,3.575
61.2033,3.556
61.2235,3.788
61.2438,3.644
61.2641,3.688
61.2843,3.519
61.3046,3.319
61.3248,3.556
61.3451,3.594
61.3653,3.744
61.3856,3.631
61.4058,3.563
61.4261,3.606
61.4463,3.775
61.4666,3.588
61.4868,3.481
61.5071,3.681
61.5273,3.519
61.5476,3.738
61.5678,3.363
61.5881,3.9
61.6084,3.856
61.6286,3.806
61.6489,3.431
61.6691,3.588
61.6894,3.456
61.7096,3.638
61.7299,3.656
61.7501,3.681
61.7704,3.294
61.7906,3.444
61.8109,3.638
61.8311,3.719
61.8514,3.669
61.8716,3.581
61.8919,3.569
61.9121,3.663
61.9324,3.763
61.9526,3.756
61.9729,3.569
61.9932,3.419
62.0134,3.575
62.0337,3.488
62.0539,3.444
62.0742,3.538
62.0944,3.869
62.1147,3.763
62.1349,3.525
62.1552,3.544
62.1754,3.513
62.1957,3.569
62.2159,3.556
62.2362,3.669
62.2564,3.6
62.2767,3.425
62.2969,3.488
62.3172,3.613
62.3375,3.625
62.3577,3.425
62.378,3.419
62.3982,3.6
62.4185,3.694
62.4387,3.538
62.459,3.456
62.4792,3.444
62.4995,3.406
62.5197,3.538
62.54,3.538
62.5602,3.606
62.5805,3.244
62.6007,3.475
62.621,3.338
62.6412,3.363
62.6615,3.588
62.6817,3.544
62.702,3.181
62.7223,3.563
62.7425,3.688
62.7628,3.725
62.783,3.525
62.8033,3.981
62.8235,3.381
62.8438,3.575
62.864,3.338
62.8843,3.663
62.9045,3.556
62.9248,3.663
62.945,3.431
62.9653,3.306
62.9855,3.444
63.0058,3.244
63.026,3.444
63.0463,3.506
63.0666,3.5
63.0868,3.344
63.1071,3.775
63.1273,3.394
63.1476,3.444
63.1678,3.788
63.1881,3.706
63.2083,3.569
63.2286,3.481
63.2488,3.781
63.2691,3.456
63.2893,3.65
63.3096,3.844
63.3298,3.406
63.3501,3.894
63.3703,3.556
63.3906,3.581
63.4109,3.656
63.4311,3.263
63.4514,3.675
63.4716,3.469
63.4919,3.5
63.5121,3.581
63.5324,3.825
63.5526,3.606
63.5729,3.569
63.5931,3.513
63.6134,3.569
63.6336,3.588
63.6539,3.531
63.6741,3.513
63.6944,3.306
63.7146,3.681
63.7349,3.438
63.7551,3.381
63.7754,3.725
63.7957,3.369
63.8159,3.356
63.8362,3.263
63.8564,3.513
63.8767,3.363
63.8969,3.444
63.9172,3.694
63.9374,3.381
63.9577,3.781
63.9779,3.619
63.9982,3.481
64.0184,3.481
64.0387,3.306
64.0589,3.444
64.0792,3.55
64.0994,3.519
64.1197,3.563
64.14,3.5
64.1602,3.519
64.1805,3.5
64.2007,3.7
64.221,3.356
64.2412,3.638
64.2615,3.525
64.2817,3.569
64.302,3.5
64.3222,3.2
64.3425,3.538
64.3627,3.631
64.383,3.319
64.4032,3.344
64.4235,3.588
64.4437,3.344
64.464,3.613
64.4843,3.519
64.5045,3.581
64.5248,3.494
64.545,3.281
64.5653,3.375
64.5855,3.494
64.6058,3.6
64.626,3.475
64.6463,3.425
64.6665,3.556
64.6868,3.763
64.707,3.538
64.7273,3.588
64.7475,3.25
64.7678,3.325
64.788,3.388
64.8083,3.463
64.8285,3.444
64.8488,3.644
64.8691,3.581
64.8893,3.394
64.9096,3.319
64.9298,3.519
64.9501,3.494
64.9703,3.544
64.9906,3.344
65.0108,3.444
65.0311,3.463
65.0513,3.369
65.0716,3.369
65.0918,3.375
65.1121,3.131
65.1323,3.681
65.1526,3.725
65.1728,3.613
65.1931,3.275
65.2134,3.35
65.2336,3.588
65.2539,3.513
65.2741,3.488
65.2944,3.519
65.3146,3.344
65.3349,3.631
65.3551,3.413
65.3754,3.369
65.3956,3.55
65.4159,3.525
65.4361,3.331
65.4564,3.469
65.4766,3.344
65.4969,3.344
65.5171,3.65
65.5374,3.606
65.5576,3.369
65.5779,3.444
65.5982,3.231
65.6184,3.369
65.6387,3.825
65.6589,3.363
65.6792,3.306
65.6994,3.513
65.7197,3.463
65.7399,3.588
65.7602,3.413
65.7804,3.263
65.8007,3.338
65.8209,3.431
65.8412,3.313
65.8614,3.463
65.8817,3.456
65.9019,3.556
65.9222,3.381
65.9425,3.181
65.9627,3.463
65.983,3.469
66.0032,3.494
66.0235,3.656
66.0437,3.594
66.064,3.4
66.0842,3.269
66.1045,3.406
66.1247,3.531
66.145,3.325
66.1652,3.375
66.1855,3.3
66.2057,3.413
66.226,3.288
66.2462,3.313
66.2665,3.15
66.2868,3.506
66.307,3.038
66.3273,3.413
66.3475,3.863
66.3678,3.169
66.388,3.35
66.4083,3.656
66.4285,3.275
66.4488,3.494
66.469,3.381
66.4893,3.188
66.5095,3.306
66.5298,3.35
66.55,3.413
66.5703,3.306
66.5905,3.563
66.6108,3.431
66.631,3.288
66.6513,3.8
66.6716,3.619
66.6918,3.669
66.7121,3.638
66.7323,3.494
66.7526,3.325
66.7728,3.575
66.7931,3.388
66.8133,3.931
66.8336,3.613
66.8538,3.556
66.8741,3.625
66.8943,3.869
66.9146,3.588
66.9348,3.663
66.9551,3.45
66.9753,3.406
66.9956,3.45
67.0159,3.494
67.0361,3.206
67.0564,3.35
67.0766,3.694
67.0969,3.338
67.1171,3.463
67.1374,3.325
67.1576,3.413
67.1779,3.519
67.1981,3.363
67.2184,3.244
67.2386,3.113
67.2589,3.431
67.2791,3.119
67.2994,3.106
67.3196,3.331
67.3399,3.169
67.3601,3.088
67.3804,3.169
67.4007,3.3
67.4209,3.35
67.4412,3.181
67.4614,3.194
67.4817,3.35
67.5019,3.238
67.5222,3.313
67.5424,3.238
67.5627,3.3
67.5829,3.144
67.6032,3.238
67.6234,3.363
67.6437,3.2
67.6639,3.369
67.6842,3.444
67.7044,3.269
67.7247,3.306
67.745,3.544
67.7652,3.519
67.7855,3.344
67.8057,3.363
67.826,3.131
67.8462,3.113
67.8665,3.344
67.8867,3.4
67.907,3.281
67.9272,3.413
67.9475,3.475
67.9677,3.15
67.988,3.175
68.0082,3.1
68.0285,3.219
68.0487,3.594
68.069,3.338
68.0893,3.381
68.1095,3.188
68.1298,3.419
68.15,3.363
68.1703,3.119
68.1905,3.356
68.2108,3.213
68.231,2.963
68.2513,3.488
68.2715,3.256
68.2918,3.319
68.312,3.213
68.3323,2.988
68.3525,3.194
68.3728,3.4
68.393,3.131
68.4133,3.319
68.4335,3.513
68.4538,3.094
68.4741,3.106
68.4943,3.219
68.5146,3.188
68.5348,3.325
68.5551,3.4
68.5753,3.063
68.5956,3.244
68.6158,3.169
68.6361,3.175
68.6563,3.238
68.6766,3.563
68.6968,3.1
68.7171,3.056
68.7373,3.013
68.7576,3.125
68.7778,3.288
68.7981,3.331
68.8184,3.406
68.8386,3.156
68.8589,3.094
68.8791,2.956
68.8994,3.225
68.9196,3.3
68.9399,3.213
68.9601,3.006
68.9804,3.125
69.0006,3.156
69.0209,3.238
69.0411,2.913
69.0614,3.131
69.0816,2.956
69.1019,3.113
69.1221,3
69.1424,3.138
69.1627,2.9
69.1829,3.1
69.2032,3.031
69.2234,3.081
69.2437,3.031
69.2639,3.231
69.2842,3.369
69.3044,3.1
69.3247,3.038
69.3449,3.225
69.3652,3.156
69.3854,3.156
69.4057,2.963
69.4259,3.044
69.4462,3.325
69.4664,3.3
69.4867,3.169
69.5069,3.194
69.5272,3.081
69.5475,3.138
69.5677,3.031
69.588,2.913
69.6082,3.044
69.6285,3.2
69.6487,3.025
69.669,3
69.6892,3.169
69.7095,3.088
69.7297,3.131
69.75,3.094
69.7702,3.131
69.7905,2.731
69.8107,3.05
69.831,3.169
69.8512,2.894
69.8715,3.069
69.8918,3.075
69.912,3.169
69.9323,3.156
69.9525,3.156
69.9728,3.163
69.993,3.194
70.0133,3.125
70.0335,2.881
70.0538,3.281
70.074,3.181
70.0943,3.275
70.1145,3.088
70.1348,3.181
70.155,3.106
70.1753,2.944
70.1955,2.988
70.2158,3.075
70.236,3.113
70.2563,3.05
70.2766,3.213
70.2968,3.194
70.3171,3.063
70.3373,3.05
70.3576,3.238
70.3778,3.013
70.3981,3.069
70.4183,3.163
70.4386,2.956
70.4588,3.094
70.4791,3.106
70.4993,2.894
70.5196,3.038
70.5398,3.106
70.5601,3.131
70.5803,2.881
70.6006,2.919
70.6209,2.975
70.6411,3.025
70.6614,3.163
70.6816,3
70.7019,3.044
70.7221,2.925
70.7424,3.1
70.7626,2.9
70.7829,2.775
70.8031,2.869
70.8234,2.988
70.8436,3.094
70.8639,3.081
70.8841,3.194
70.9044,2.794
70.9246,3.019
70.9449,3.088
70.9652,2.969
70.9854,3.188
71.0057,3.2
71.0259,2.781
71.0462,2.888
71.0664,3.031
71.0867,2.988
71.1069,2.969
71.1272,3.081
71.1474,3.088
71.1677,2.781
71.1879,2.863
71.2082,3.081
71.2284,2.863
71.2487,3.125
71.2689,3.181
71.2892,2.956
71.3094,2.844
71.3297,2.881
71.35,3.119
71.3702,2.956
71.3905,2.944
71.4107,2.863
71.431,2.838
71.4512,3.05
71.4715,2.794
71.4917,2.888
71.512,2.969
71.5322,3.138
71.5525,3.069
71.5727,2.919
71.593,2.806
71.6132,2.581
71.6335,3.056
71.6537,2.788
71.674,2.781
71.6943,2.988
71.7145,2.956
71.7348,2.956
71.755,2.819
71.7753,2.938
71.7955,2.85
71.8158,2.938
71.836,2.644
71.8563,2.906
71.8765,2.694
71.8968,3.044
71.917,2.831
71.9373,3.013
71.9575,2.975
71.9778,2.944
71.998,2.744
72.0183,2.994
72.0385,2.919
72.0588,2.831
72.0791,2.8
72.0993,2.938
72.1196,2.956
72.1398,2.85
72.1601,2.719
72.1803,3.244
72.2006,2.675
72.2208,3.1
72.2411,2.931
72.2613,2.875
72.2816,2.906
72.3018,2.856
72.3221,3.094
72.3423,2.656
72.3626,3.094
72.3828,3.056
72.4031,2.975
72.4234,3.081
72.4436,2.825
72.4639,3.081
72.4841,2.838
72.5044,2.919
72.5246,2.863
72.5449,2.963
72.5651,3.019
72.5854,2.875
72.6056,2.944
72.6259,2.769
72.6461,2.769
72.6664,2.913
72.6866,2.819
72.7069,2.863
72.7271,2.819
72.7474,2.806
72.7677,2.725
72.7879,2.963
72.8082,3.081
72.8284,2.75
72.8487,2.944
72.8689,2.863
72.8892,2.875
72.9094,2.838
72.9297,2.763
72.9499,2.788
72.9702,3.081
72.9904,2.844
73.0107,2.956
73.0309,3.031
73.0512,2.963
73.0714,2.7
73.0917,2.881
73.1119,2.569
73.1322,3.044
73.1525,2.863
73.1727,2.819
73.193,3.1
73.2132,2.725
73.2335,2.775
73.2537,2.819
73.274,2.863
73.2942,2.894
73.3145,2.569
73.3347,2.606
73.355,3.031
73.3752,2.463
73.3955,2.806
73.4157,2.844
73.436,2.794
73.4562,2.65
73.4765,2.569
73.4968,2.781
73.517,2.769
73.5373,2.844
73.5575,2.775
73.5778,3.006
73.598,2.65
73.6183,2.925
73.6385,2.675
73.6588,3.013
73.679,2.619
73.6993,2.819
73.7195,2.788
73.7398,3
73.76,2.681
73.7803,2.956
73.8005,2.706
73.8208,2.969
73.8411,2.538
73.8613,2.806
73.8816,2.738
73.9018,2.756
73.9221,2.856
73.9423,2.694
73.9626,2.638
73.9828,2.575
74.0031,2.738
74.0233,2.756
74.0436,2.919
74.0638,2.938
74.0841,2.65
74.1043,2.506
74.1246,2.838
74.1448,2.75
74.1651,2.644
74.1853,2.881
74.2056,2.769
74.2259,2.713
74.2461,2.75
74.2664,2.75
74.2866,2.669
74.3069,2.675
74.3271,2.6
74.3474,2.631
74.3676,2.681
74.3879,2.719
74.4081,2.894
74.4284,2.65
74.4486,2.719
74.4689,2.631
74.4891,2.794
74.5094,2.8
74.5296,2.981
74.5499,3.05
74.5702,2.519
74.5904,2.769
74.6107,2.569
74.6309,2.65
74.6512,2.775
74.6714,2.781
74.6917,2.806
74.7119,2.819
74.7322,2.688
74.7524,2.856
74.7727,3
74.7929,2.475
74.8132,2.775
74.8334,2.581
74.8537,2.838
74.8739,2.65
74.8942,2.706
74.9144,2.944
74.9347,3.038
74.955,2.644
74.9752,2.713
74.9955,2.713
75.0157,2.606
75.036,2.713
75.0562,2.675
75.0765,2.688
75.0967,2.794
75.117,2.775
75.1372,2.763
75.1575,2.606
75.1777,2.588
75.198,2.606
75.2182,2.556
75.2385,2.456
75.2587,2.669
75.279,2.7
75.2993,2.669
75.3195,2.938
75.3398,2.888
75.36,2.725
75.3803,2.463
75.4005,2.525
75.4208,2.694
75.441,2.85
75.4613,2.756
75.4815,2.825
75.5018,2.888
75.522,2.719
75.5423,2.738
75.5625,2.55
75.5828,2.725
75.603,2.794
75.6233,2.631
75.6436,2.769
75.6638,2.806
75.6841,2.769
75.7043,2.569
75.7246,2.644
75.7448,2.856
75.7651,2.663
75.7853,2.706
75.8056,2.6
75.8258,2.669
75.8461,2.656
75.8663,2.838
75.8866,2.763
75.9068,2.719
75.9271,2.813
75.9473,2.331
75.9676,2.756
75.9878,2.75
76.0081,2.769
76.0284,2.719
76.0486,2.613
76.0689,2.713
76.0891,2.719
76.1094,2.563
76.1296,2.65
76.1499,2.65
76.1701,2.563
76.1904,2.638
76.2106,2.588
76.2309,2.525
76.2511,2.356
76.2714,2.681
76.2916,2.55
76.3119,2.65
76.3321,2.5
76.3524,2.763
76.3727,2.719
76.3929,2.475
76.4132,2.531
76.4334,2.425
76.4537,2.619
76.4739,2.675
76.4942,2.819
76.5144,2.456
76.5347,2.825
76.5549,2.694
76.5752,2.881
76.5954,2.719
76.6157,2.494
76.6359,2.625
76.6562,2.413
76.6764,2.775
76.6967,2.538
76.7169,2.525
76.7372,2.7
76.7575,2.494
76.7777,2.638
76.798,2.731
76.8182,2.65
76.8385,2.731
76.8587,2.744
76.879,2.513
76.8992,2.431
76.9195,2.6
76.9397,2.638
76.96,2.581
76.9802,2.594
77.0005,2.606
77.0207,2.369
77.041,2.813
77.0612,2.663
77.0815,2.531
77.1018,2.538
77.122,2.781
77.1423,2.525
77.1625,2.588
77.1828,2.744
77.203,2.719
77.2233,2.569
77.2435,2.575
77.2638,2.538
77.284,2.569
77.3043,2.575
77.3245,2.538
77.3448,2.875
77.365,2.413
77.3853,2.763
77.4055,2.6
77.4258,2.5
77.4461,2.4
77.4663,2.663
77.4866,2.544
77.5068,2.55
77.5271,2.556
77.5473,2.675
77.5676,2.388
77.5878,2.381
77.6081,2.569
77.6283,2.713
77.6486,2.594
77.6688,2.675
77.6891,2.406
77.7093,2.431
77.7296,2.688
77.7498,2.388
77.7701,2.65
77.7903,2.6
77.8106,2.463
77.8309,2.681
77.8511,2.575
77.8714,2.619
77.8916,2.7
77.9119,2.369
77.9321,2.65
77.9524,2.431
77.9726,2.613
77.9929,2.656
78.0131,2.588
78.0334,2.519
78.0536,2.425
78.0739,2.606
78.0941,2.475
78.1144,2.519
78.1346,2.55
78.1549,2.531
78.1752,2.431
78.1954,2.594
78.2157,2.513
78.2359,2.581
78.2562,2.375
78.2764,2.581
78.2967,2.756
78.3169,2.431
78.3372,2.794
78.3574,2.419
78.3777,2.538
78.3979,2.825
78.4182,2.425
78.4384,2.531
78.4587,2.475
78.4789,2.475
78.4992,2.606
78.5195,2.475
78.5397,2.581
78.56,2.5
78.5802,2.525
78.6005,2.388
78.6207,2.688
78.641,2.619
78.6612,2.681
78.6815,2.55
78.7017,2.644
78.722,2.638
78.7422,2.675
78.7625,2.6
78.7827,2.538
78.803,2.619
78.8232,2.494
78.8435,2.369
78.8637,2.594
78.884,2.619
78.9043,2.3
78.9245,2.513
78.9448,2.475
78.965,2.394
78.9853,2.631
79.0055,2.381
79.0258,2.356
79.046,2.525
79.0663,2.869
79.0865,2.35
79.1068,2.475
79.127,2.7
79.1473,2.544
79.1675,2.488
79.1878,2.525
79.208,2.45
79.2283,2.6
79.2486,2.463
79.2688,2.344
79.2891,2.488
79.3093,2.244
79.3296,2.488
79.3498,2.544
79.3701,2.356
79.3903,2.506
79.4106,2.513
79.4308,2.581
79.4511,2.269
79.4713,2.644
79.4916,2.544
79.5118,2.563
79.5321,2.538
79.5523,2.313
79.5726,2.4
79.5928,2.4
79.6131,2.544
79.6334,2.469
79.6536,2.55
79.6739,2.656
79.6941,2.388
79.7144,2.406
79.7346,2.394
79.7549,2.456
79.7751,2.425
79.7954,2.419
79.8156,2.388
79.8359,2.556
79.8561,2.263
79.8764,2.681
79.8966,2.381
79.9169,2.313
79.9371,2.588
79.9574,2.713
79.9777,2.569
79.9979,2.444
80.0182,2.413
80.0384,2.538
80.0587,2.175
80.0789,2.606
80.0992,2.363
80.1194,2.488
80.1397,2.356
80.1599,2.269
80.1802,2.388
80.2004,2.494
80.2207,2.4
80.2409,2.563
80.2612,2.281
80.2814,2.469
80.3017,2.356
80.322,2.25
80.3422,2.481
80.3625,2.475
80.3827,2.375
80.403,2.581
80.4232,2.519
80.4435,2.481
80.4637,2.613
80.484,2.406
80.5042,2.3
80.5245,2.513
80.5447,2.531
80.565,2.469
80.5852,2.406
80.6055,2.306
80.6257,2.5
80.646,2.419
80.6662,2.3
80.6865,2.444
80.7068,2.306
80.727,2.413
80.7473,2.444
80.7675,2.581
80.7878,2.375
80.808,2.569
80.8283,2.394
80.8485,2.419
80.8688,2.338
80.889,2.856
80.9093,2.463
80.9295,2.5
80.9498,2.45
80.97,2.313
80.9903,2.381
81.0105,2.256
81.0308,2.488
81.0511,2.319
81.0713,2.3
81.0916,2.325
81.1118,2.306
81.1321,2.406
81.1523,2.544
81.1726,2.363
81.1928,2.331
81.2131,2.375
81.2333,2.375
81.2536,2.313
81.2738,2.388
81.2941,2.394
81.3143,2.494
81.3346,2.469
81.3548,2.4
81.3751,2.381
81.3954,2.344
81.4156,2.544
81.4359,2.313
81.4561,2.419
81.4764,2.419
81.4966,2.3
81.5169,2.3
81.5371,2.331
81.5574,2.45
81.5776,2.469
81.5979,2.25
81.6181,2.156
81.6384,2.338
81.6586,2.275
81.6789,2.413
81.6991,2.313
81.7194,2.475
81.7396,2.188
81.7599,2.469
81.7802,2.206
81.8004,2.3
81.8207,2.356
81.8409,2.313
81.8612,2.3
81.8814,2.325
81.9017,2.294
81.9219,2.463
81.9422,2.219
81.9624,2.331
81.9827,2.344
82.0029,2.338
82.0232,2.538
82.0434,2.319
82.0637,2.294
82.0839,2.256
82.1042,2.556
82.1245,2.3
82.1447,2.444
82.165,2.388
82.1852,2.45
82.2055,2.475
82.2257,2.3
82.246,2.244
82.2662,2.106
82.2865,2.169
82.3067,2.35
82.327,2.119
82.3472,2.238
82.3675,2.294
82.3877,2.463
82.408,2.456
82.4282,2.319
82.4485,2.194
82.4687,2.463
82.489,2.369
82.5093,2.55
82.5295,2.175
82.5498,2.388
82.57,2.406
82.5903,2.4
82.6105,2.069
82.6308,2.325
82.651,2.3
82.6713,2.35
82.6915,2.144
82.7118,2.425
82.732,2.338
82.7523,2.125
82.7725,2.425
82.7928,2.006
82.813,2.35
82.8333,2.3
82.8536,2.156
82.8738,2.138
82.8941,2.444
82.9143,2.388
82.9346,2.194
82.9548,2.256
82.9751,2.306
82.9953,2.288
83.0156,2.231
83.0358,2.35
83.0561,2.438
83.0763,2.413
83.0966,2.413
83.1168,2.238
83.1371,2.156
83.1573,2.419
83.1776,2.206
83.1979,2.513
83.2181,2.138
83.2384,2.244
83.2586,2.156
83.2789,2.231
83.2991,2.206
83.3194,2.388
83.3396,2.294
83.3599,2.294
83.3801,2.256
83.4004,2.288
83.4206,2.413
83.4409,2.188
83.4611,2.288
83.4814,2.163
83.5016,2.256
83.5219,2.388
83.5421,2.05
83.5624,2.175
83.5827,2.238
83.6029,2.431
83.6232,2.213
83.6434,2.138
83.6637,2.206
83.6839,2.025
83.7042,2.25
83.7244,2.006
83.7447,2.244
83.7649,2.294
83.7852,2.288
83.8054,2.375
83.8257,2.325
83.8459,2.175
83.8662,2.281
83.8864,2.125
83.9067,2.2
83.927,2.044
83.9472,2.113
83.9675,2.175
83.9877,2.438
84.008,2.156
84.0282,2.263
84.0485,2.175
84.0687,2.15
84.089,2.175
84.1092,2.331
84.1295,2.263
84.1497,2.1
84.17,2.331
84.1902,2.231
84.2105,2.113
84.2307,2.25
84.251,2.269
84.2712,2.063
84.2915,2.119
84.3118,2.056
84.332,2.3
84.3523,2.019
84.3725,2.238
84.3928,2.156
84.413,2.275
84.4333,2.288
84.4535,2.344
84.4738,2.131
84.494,2.175
84.5143,2.025
84.5345,2.238
84.5548,2.231
84.575,2.188
84.5953,2.056
84.6155,2.288
84.6358,2.188
84.6561,2.113
84.6763,2.256
84.6966,2.094
84.7168,2.194
84.7371,2.288
84.7573,2.094
84.7776,2.119
84.7978,2.113
84.8181,2.15
84.8383,1.981
84.8586,2.15
84.8788,2.325
84.8991,2.125
84.9193,2.019
84.9396,2.019
84.9598,2.206
84.9801,2.131
85.0004,2.188
85.0206,2.088
85.0409,2.213
85.0611,2.044
85.0814,2.169
85.1016,2.325
85.1219,2.156
85.1421,2.269
85.1624,2.163
85.1826,2.15
85.2029,2.113
85.2231,2.188
85.2434,2.231
85.2636,2.013
85.2839,2.081
85.3041,1.988
85.3244,2.175
85.3446,2.119
85.3649,2.081
85.3852,2.356
85.4054,2.063
85.4257,2.081
85.4459,2.269
85.4662,2.119
85.4864,2.031
85.5067,2.106
85.5269,2.156
85.5472,2.138
85.5674,2.013
85.5877,2.231
85.6079,2.063
85.6282,2.056
85.6484,2.338
85.6687,2.169
85.6889,2.288
85.7092,2.044
85.7295,2.056
85.7497,2.063
85.77,2.281
85.7902,2.113
85.8105,2.406
85.8307,2.125
85.851,2.119
85.8712,2.119
85.8915,2.113
85.9117,2.044
85.932,2.075
85.9522,1.956
85.9725,2.138
85.9927,2.131
86.013,1.888
86.0332,2.119
86.0535,2.313
86.0738,2.069
86.094,2
86.1143,1.938
86.1345,1.975
86.1548,2.006
86.175,2.094
86.1953,2.156
86.2155,2.131
86.2358,2.125
86.256,2.044
86.2763,2.056
86.2965,1.931
86.3168,2.181
86.337,2.069
86.3573,2.063
86.3775,2.2
86.3978,2.075
86.418,2.031
86.4383,1.888
86.4586,2.106
86.4788,2.119
86.4991,2.125
86.5193,1.931
86.5396,2.119
86.5598,2.006
86.5801,2.075
86.6003,2.119
86.6206,2.25
86.6408,2.006
86.6611,2.063
86.6813,2.063
86.7016,2.131
86.7218,2.225
86.7421,2.181
86.7623,2.181
86.7826,2.175
86.8029,2.063
86.8231,1.963
86.8434,1.931
86.8636,1.969
86.8839,1.963
86.9041,2.119
86.9244,2.031
86.9446,2.163
86.9649,1.875
86.9851,1.944
87.0054,1.975
87.0256,1.894
87.0459,2.081
87.0661,2.163
87.0864,1.944
87.1066,2.056
87.1269,1.994
87.1471,2
87.1674,2.088
87.1877,1.994
87.2079,2.081
87.2282,1.944
87.2484,2
87.2687,2.044
87.2889,2.063
87.3092,1.944
87.3294,2.131
87.3497,1.944
87.3699,1.963
87.3902,2.031
87.4104,2.1
87.4307,1.95
87.4509,2.019
87.4712,2.088
87.4914,2.031
87.5117,1.875
87.532,1.931
87.5522,1.813
87.5725,1.888
87.5927,2.138
87.613,2.113
87.6332,1.969
87.6535,2.05
87.6737,1.938
87.694,1.919
87.7142,2.075
87.7345,1.781
87.7547,2.038
87.775,2.163
87.7952,2.019
87.8155,2.1
87.8357,1.9
87.856,1.9
87.8763,2.006
87.8965,1.981
87.9168,1.963
87.937,1.994
87.9573,2.013
87.9775,2.006
87.9978,1.956
88.018,1.963
88.0383,2.063
88.0585,2.031
88.0788,2.019
88.099,1.763
88.1193,2.144
88.1395,2.038
88.1598,2.031
88.18,2.056
88.2003,2.206
88.2205,1.875
88.2408,1.988
88.2611,2.013
88.2813,1.981
88.3016,1.856
88.3218,2.088
88.3421,1.931
88.3623,1.763
88.3826,1.788
88.4028,1.925
88.4231,1.9
88.4433,1.85
88.4636,1.9
88.4838,2.006
88.5041,1.906
88.5243,2
88.5446,1.769
88.5648,1.844
88.5851,1.95
88.6054,2.094
88.6256,1.825
88.6459,1.975
88.6661,2.05
88.6864,1.731
88.7066,1.856
88.7269,1.944
88.7471,1.894
88.7674,1.869
88.7876,2.013
88.8079,2.069
88.8281,2.206
88.8484,1.888
88.8686,1.831
88.8889,1.788
88.9091,2.219
88.9294,1.894
88.9496,2.031
88.9699,1.85
88.9902,1.75
89.0104,1.944
89.0307,1.981
89.0509,1.881
89.0712,1.95
89.0914,1.925
89.1117,1.888
89.1319,2.075
89.1522,1.938
89.1724,1.875
89.1927,1.863
89.2129,1.944
89.2332,1.906
89.2534,1.931
89.2737,1.9
89.2939,2.038
89.3142,1.975
89.3345,1.769
89.3547,1.881
89.375,1.694
89.3952,1.806
89.4155,1.9
89.4357,1.806
89.456,1.856
89.4762,1.894
89.4965,1.919
89.5167,2.056
89.537,1.763
89.5572,2.05
89.5775,1.869
89.5977,1.894
89.618,1.806
89.6382,1.938
89.6585,1.963
89.6788,1.831
89.699,1.925
89.7193,2.144
89.7395,1.938
89.7598,1.9
89.78,2.1
89.8003,1.85
89.8205,1.794
89.8408,1.769
89.861,2.075
89.8813,2.025
89.9015,1.869
89.9218,1.894
89.942,1.725
89.9623,1.881
89.9825,1.819
90.0028,1.981
